/T2E/Girl-with-a-Pearl-Earring/index.{html} /T2E/Girl-with-a-Pearl-Earring/
/T2E/T-Rex-charm/index.{html} /T2E/T-Rex-charm/
/T2F/Neptune-planet/index.{html} /T2F/Neptune-planet/
/T2E/Aster-flower/index.{html} /T2E/Aster-flower/
/T2F/4.2465/index.{html} /T2F/4.2465/
/T2F/Titans/index.{html} /T2F/Titans/
/T2F/maimai-video-game-series/index.{html} /T2F/maimai-video-game-series/
/T2F/22-August/index.{html} /T2F/22-August/
/T2F/BBC-Radiophonic-Workshop/index.{html} /T2F/BBC-Radiophonic-Workshop/
/T2F/Corentin-Louis-Kervan/index.{html} /T2F/Corentin-Louis-Kervan/
/T2F/Kidney-stones/index.{html} /T2F/Kidney-stones/
/T2F/Moog-modular-synthesizers/index.{html} /T2F/Moog-modular-synthesizers/
/T2F/Pythagorean-interval/index.{html} /T2F/Pythagorean-interval/
/T2E/Steganography/index.{html} /T2E/Steganography/
/T2F/Central-Nervous-System/index.{html} /T2F/Central-Nervous-System/
/T2F/Minnie-Riperton/index.{html} /T2F/Minnie-Riperton/
/T2F/Proteus-of-Egypt/index.{html} /T2F/Proteus-of-Egypt/
/T2E/Cross-cypher/index.{html} /T2E/Cross-cypher/
/T2F/Brian-Eno/index.{html} /T2F/Brian-Eno/
/T2F/Midas/index.{html} /T2F/Midas/
/T2F/The-Beach/index.{html} /T2F/The-Beach/
/T2E/Asterisk/index.{html} /T2E/Asterisk/
/T2E/Gold/index.{html} /T2E/Gold/
/T2E/Michaelmas-Reef/index.{html} /T2E/Michaelmas-Reef/
/T2E/Philosophers-stone/index.{html} /T2E/Philosophers-stone/
/T2E/Stone/index.{html} /T2E/Stone/
/T2F/Adventures-Beyond-the-Ultraworld/index.{html} /T2F/Adventures-Beyond-the-Ultraworld/
/T2F/Autumn/index.{html} /T2F/Autumn/
/T2F/Chill-Out-KLF-album/index.{html} /T2F/Chill-Out-KLF-album/
/T2F/Phoenix-son-of-Agenor/index.{html} /T2F/Phoenix-son-of-Agenor/
/T2F/Venus-planet/index.{html} /T2F/Venus-planet/
/T2E/Menhir/index.{html} /T2E/Menhir/
/T2E/Stalactites/index.{html} /T2E/Stalactites/
/T2F/Alpha-Centauri/index.{html} /T2F/Alpha-Centauri/
/T2F/Lovebites/index.{html} /T2F/Lovebites/
/T2F/The-Moon/index.{html} /T2F/The-Moon/
/T2F/White-Noise-band/index.{html} /T2F/White-Noise-band/
/T2E/King/index.{html} /T2E/King/
/T2F/16-45/index.{html} /T2F/16-45/
/T2F/Egyptian-Egg-Oven/index.{html} /T2F/Egyptian-Egg-Oven/
/T2F/Golden-Ratio/index.{html} /T2F/Golden-Ratio/
/T2F/Mercury-planet/index.{html} /T2F/Mercury-planet/
/T2F/XLVI-CCIV/index.{html} /T2F/XLVI-CCIV/
/T2F/classical-planets/index.{html} /T2F/classical-planets/
/T2E/Justinian-I/index.{html} /T2E/Justinian-I/
/T2F/Claude-Debussy/index.{html} /T2F/Claude-Debussy/
/T2F/Comet-ShoemakerLevy-9/index.{html} /T2F/Comet-ShoemakerLevy-9/
/T2F/Demon-Seed/index.{html} /T2F/Demon-Seed/
/T2F/Leonardo-DiCaprio/index.{html} /T2F/Leonardo-DiCaprio/
/T2F/Mai-Mai-Miracle/index.{html} /T2F/Mai-Mai-Miracle/
/T2F/Microphone/index.{html} /T2F/Microphone/
/T2E/Aragonite/index.{html} /T2E/Aragonite/
/T2E/Lapis-Lazuli/index.{html} /T2E/Lapis-Lazuli/
/T2F/Add-N-to-X/index.{html} /T2F/Add-N-to-X/
/T2F/Fibonacci-numbers/index.{html} /T2F/Fibonacci-numbers/
/T2F/Incubator/index.{html} /T2F/Incubator/
/T2F/Musique-Concr%C3%A8te/index.{html} /T2F/Musique-Concr%C3%A8te/
/T2F/Phoenix-mythology/index.{html} /T2F/Phoenix-mythology/
/T2F/Space-Jimmy-Cauty-album/index.{html} /T2F/Space-Jimmy-Cauty-album/
/T2F/The-Orb/index.{html} /T2F/The-Orb/
/index.html /
/private/templates/title/index.{html} /private/templates/title/
/T2E/Snowflake/index.{html} /T2E/Snowflake/
/T2F/Beached-Orbital-song/index.{html} /T2F/Beached-Orbital-song/
/T2E/Byzantine-Empire/index.{html} /T2E/Byzantine-Empire/
/T2E/Gothic/index.{html} /T2E/Gothic/
/T2F/Clouds/index.{html} /T2F/Clouds/
/T2F/Couples/index.{html} /T2F/Couples/
/T2F/Karlheinz-Stockhausen/index.{html} /T2F/Karlheinz-Stockhausen/
/T2F/Planet-7/index.{html} /T2F/Planet-7/
/T2F/Sega/index.{html} /T2F/Sega/
/Chaos/index.{html} /Chaos/
/T2F/Byzantine-Music/index.{html} /T2F/Byzantine-Music/
/T2F/Justinian-of-Ramsey-Island/index.{html} /T2F/Justinian-of-Ramsey-Island/
/T2F/Mars-planet/index.{html} /T2F/Mars-planet/
/T2E/Astronomical-Units/index.{html} /T2E/Astronomical-Units/
/T2E/Reflection/index.{html} /T2E/Reflection/
/T2E/Vaterite/index.{html} /T2E/Vaterite/
/T2F/33-bullets/index.{html} /T2F/33-bullets/
/T2F/Circle/index.{html} /T2F/Circle/
/Mercury-element/index.{html} /Mercury-element/
/T2E/Karin/index.{html} /T2E/Karin/
/T2E/Swedish-Krona/index.{html} /T2E/Swedish-Krona/
/T2F/Saturn-planet/index.{html} /T2F/Saturn-planet/
/T2F/Titanic-1997-film/index.{html} /T2F/Titanic-1997-film/
/T2E/Marble/index.{html} /T2E/Marble/
/T2F/5-December/index.{html} /T2F/5-December/
/T2F/Centaurus/index.{html} /T2F/Centaurus/
/T2F/Mercury-mythology/index.{html} /T2F/Mercury-mythology/
/T2F/Satellite-radio/index.{html} /T2F/Satellite-radio/
/T2F/Urease/index.{html} /T2F/Urease/
/T2E/Alchemy/index.{html} /T2E/Alchemy/
/T2E/Asterism/index.{html} /T2E/Asterism/
/T2E/Asterix-satellite/index.{html} /T2E/Asterix-satellite/
/T2E/Obelus/index.{html} /T2E/Obelus/
/T2F/Aeolian-mode/index.{html} /T2F/Aeolian-mode/
/T2F/Chill-out-music/index.{html} /T2F/Chill-out-music/
/T2E/Pippi-Longstocking/index.{html} /T2E/Pippi-Longstocking/
/T2F/Doctor-Who-theme-music/index.{html} /T2F/Doctor-Who-theme-music/
/T2F/Proteus-bacterium/index.{html} /T2F/Proteus-bacterium/
/T2F/Romance/index.{html} /T2F/Romance/
/T2E/Asteroid-Lindgren/index.{html} /T2E/Asteroid-Lindgren/
/T2E/Star/index.{html} /T2E/Star/
/T2E/White-Rabbit/index.{html} /T2E/White-Rabbit/
/T2F/Concrete/index.{html} /T2F/Concrete/
/T2F/Phoenix-manga/index.{html} /T2F/Phoenix-manga/
/T2F/System-7-band/index.{html} /T2F/System-7-band/
/T2F/anima-mundi/index.{html} /T2F/anima-mundi/
/T2E/Alices-Adventures-in-Wonderland/index.{html} /T2E/Alices-Adventures-in-Wonderland/
/T2E/Julian-calendar/index.{html} /T2E/Julian-calendar/
/T2E/Little-Dipper/index.{html} /T2E/Little-Dipper/
/T2E/Obelisk/index.{html} /T2E/Obelisk/
/T2F/Mode-music/index.{html} /T2F/Mode-music/
/T2F/Struvite/index.{html} /T2F/Struvite/
/T2F/Taoism/index.{html} /T2F/Taoism/
/T2F/Twelve-Olympians/index.{html} /T2F/Twelve-Olympians/
/T2F/BBC-Radio-1/index.{html} /T2F/BBC-Radio-1/
/T2F/Jupiter-planet/index.{html} /T2F/Jupiter-planet/
/T2F/Little-Fluffy-Clouds/index.{html} /T2F/Little-Fluffy-Clouds/
/T2F/Moire/index.{html} /T2F/Moire/
/T2F/Apollo-Greek+Roman-God/index.{html} /T2F/Apollo-Greek+Roman-God/
/T2F/Crucifix-band/index.{html} /T2F/Crucifix-band/
/T2F/Crucifix/index.{html} /T2F/Crucifix/
/T2F/Doctorin-the-Tardis/index.{html} /T2F/Doctorin-the-Tardis/
/T2F/Jupiter-mythology/index.{html} /T2F/Jupiter-mythology/
/T2F/Mercury-Records/index.{html} /T2F/Mercury-Records/
/T2F/Otohime/index.{html} /T2F/Otohime/
/T2F/Phoenix-System-7-album/index.{html} /T2F/Phoenix-System-7-album/
/T2F/Proxima-Centauri/index.{html} /T2F/Proxima-Centauri/
/T2F/Sirius-star/index.{html} /T2F/Sirius-star/
/T2E/Astrid-Lindgren/index.{html} /T2E/Astrid-Lindgren/
/T2E/Calcite/index.{html} /T2E/Calcite/
/T2E/Obelix/index.{html} /T2E/Obelix/
/T2F/Gun-angle/index.{html} /T2F/Gun-angle/
/T2F/Lovin-You/index.{html} /T2F/Lovin-You/
/T2F/Lucas-numbers/index.{html} /T2F/Lucas-numbers/
/T2F/Magnum-opus-alchemy/index.{html} /T2F/Magnum-opus-alchemy/
/T2E/CaCO3/index.{html} /T2E/CaCO3/
/T2E/White-Star-Line/index.{html} /T2E/White-Star-Line/
/T2F/The-KLF/index.{html} /T2F/The-KLF/
/T2F/Uranus-Greek-God/index.{html} /T2F/Uranus-Greek-God/
/T2E/Crown/index.{html} /T2E/Crown/
/T2E/Gold-Coins/index.{html} /T2E/Gold-Coins/
/T2E/Michaelmas/index.{html} /T2E/Michaelmas/
/T2F/302-Clarissa/index.{html} /T2F/302-Clarissa/
/T2F/Meet-the-Makers/index.{html} /T2F/Meet-the-Makers/
/T2F/Proteus-Syndrome/index.{html} /T2F/Proteus-Syndrome/
/T2E/Cross/index.{html} /T2E/Cross/
/T2F/Doctor-Who/index.{html} /T2F/Doctor-Who/
/T2F/Hermeticism/index.{html} /T2F/Hermeticism/
/T2F/Metallic-Spheres-album/index.{html} /T2F/Metallic-Spheres-album/
/T2F/Orbital-Band/index.{html} /T2F/Orbital-Band/
/T2F/Plato/index.{html} /T2F/Plato/
/T2F/Shine-On-You-Crazy-Diamond/index.{html} /T2F/Shine-On-You-Crazy-Diamond/
/T2E/Au/index.{html} /T2E/Au/
/T2E/Coral/index.{html} /T2E/Coral/
/T2E/Sweden/index.{html} /T2E/Sweden/
/T2F/Diatonic-Scale/index.{html} /T2F/Diatonic-Scale/
/T2F/My-Neighbor-Totoro/index.{html} /T2F/My-Neighbor-Totoro/
/T2F/System-7-album/index.{html} /T2F/System-7-album/
/T2F/Uranus-planet/index.{html} /T2F/Uranus-planet/
/T2F/302/index.{html} /T2F/302/
/T2F/Golden-Section-System-7-album/index.{html} /T2F/Golden-Section-System-7-album/
/T2F/Madhouse/index.{html} /T2F/Madhouse/
/T2F/Pink-Floyd/index.{html} /T2F/Pink-Floyd/
/T2F/Ring-Modulation/index.{html} /T2F/Ring-Modulation/
/T2F/Sirius-Stockhausen/index.{html} /T2F/Sirius-Stockhausen/
/T2F/The-Sun/index.{html} /T2F/The-Sun/
/T2F/%CE%B1./index.{html} /T2F/%CE%B1./
/T2E/Lazica/index.{html} /T2E/Lazica/
/T2E/THE-FINALS/index.{html} /T2E/THE-FINALS/
/T2F/Astra-Planeta/index.{html} /T2F/Astra-Planeta/
/T2F/Clarissa/index.{html} /T2F/Clarissa/
/T2F/Halcyon/index.{html} /T2F/Halcyon/
/T2F/Space-Music/index.{html} /T2F/Space-Music/
/T2E/PG-Comet/index.{html} /T2E/PG-Comet/
/T2E/Pearl/index.{html} /T2E/Pearl/
/T2F/Egypt/index.{html} /T2F/Egypt/
/T2F/Halcion/index.{html} /T2F/Halcion/
/T2F/The-Who/index.{html} /T2F/The-Who/
/T2E/-rix-rex-suffix/index.{html} /T2E/-rix-rex-suffix/
/T2F/A-Huge-Ever-Growing-Pulsating-Brain-That-Rules-from-the-Centre-of-the-Ultraworld/index.{html} /T2F/A-Huge-Ever-Growing-Pulsating-Brain-That-Rules-from-the-Centre-of-the-Ultraworld/
/T2F/Proteus-Greek-god/index.{html} /T2F/Proteus-Greek-god/
/T2F/WAU-Mr.-Modo-Records/index.{html} /T2F/WAU-Mr.-Modo-Records/
/private/templates/post/index.{html} /private/templates/post/
/T2E/Asterix-series/index.{html} /T2E/Asterix-series/
/T2F/20-09/index.{html} /T2F/20-09/
